{"cameraMode":{"drawMode":0,"name":"Shaded","section":"Shading Mode"},"sceneLighting":true,"audioPlay":false,"sceneViewState":{"m_AlwaysRefresh":false,"showFog":true,"showSkybox":true,"showFlares":true,"showImageEffects":true,"showParticleSystems":true,"showVisualEffectGraphs":true,"m_FxEnabled":true},"in2DMode":false,"pivot":{"x":1.818009853363037,"y":1.9968665838241578,"z":-1.2653640508651734},"rotation":{"x":0.0001664142619119957,"y":0.9984557628631592,"z":-0.002995375543832779,"w":0.055471271276474},"size":3.570352792739868,"orthographic":false}